provider,region,gpu_model,type,duration,gpu_count,effective_price_usd_per_gpu_hr,timestamp,priceiq_score
Vast.ai,US-Central,H100,,,3,2.1716049382716047,2026-10-05T22:20:38+00:00,
Lambda Labs,US-East,H100,,,1,6.16,2026-10-05T22:20:39+00:00,
Paperspace,US-Central,H100,,,1,3.09,2026-10-05T22:20:50+00:00,
Voltage Park,US-West,H100,,,1,1.99,2026-10-05T22:20:51+00:00,
OVHcloud,US-East,H100,,,1,2.99,2026-10-05T22:20:52+00:00,
Jarvislabs,US-Central,H100,,,1,1.54,2026-10-05T22:20:54+00:00,
Replicate,US-Central,H100,,,1,5.49,2026-10-05T22:21:11+00:00,
Scaleway,US-East,H100,,,1,0.79,2026-10-05T22:21:12+00:00,
AWS,US-East,H100,,,1,6.88,2026-10-05T22:21:23+00:00,
AWS,US-West,H100,,,1,8.6,2026-10-05T22:21:30+00:00,
Azure,US-East,H100,,,1,12.29,2026-10-05T22:21:34+00:00,
Azure,US-East,H100,,,1,12.84,2026-10-05T22:21:34+00:00,
Azure,US-West,H100,,,1,12.29,2026-10-05T22:21:34+00:00,
Azure,US-Central,H100,,,1,15.67,2026-10-05T22:21:36+00:00,
